{"initial_reset_timestamp": 1569882119.420234, "timestamps": [1569882119.421293, 1569882119.4214551, 1569882119.421535, 1569882119.421601, 1569882119.422642, 1569882119.422961, 1569882119.423448, 1569882119.4245608, 1569882119.42477, 1569882119.425011, 1569882119.4251578, 1569882119.425271, 1569882119.425418, 1569882119.425629, 1569882119.425895, 1569882119.426143, 1569882119.4264472, 1569882119.427407, 1569882119.427666, 1569882119.428266, 1569882119.429709, 1569882119.429898, 1569882119.4300969, 1569882119.4304059, 1569882119.431367, 1569882119.4325671, 1569882119.432727, 1569882119.4330199, 1569882119.4331021, 1569882119.4331908, 1569882119.4332821, 1569882119.4336178, 1569882119.433721, 1569882119.433901, 1569882119.434039, 1569882119.434309, 1569882119.435415, 1569882119.435585, 1569882119.435838, 1569882119.435946, 1569882119.436194, 1569882119.436385, 1569882119.4365509, 1569882119.436647, 1569882119.436791, 1569882119.4368849, 1569882119.4369972, 1569882119.437334, 1569882119.437613, 1569882119.437824, 1569882119.437978, 1569882119.43816, 1569882119.4385018, 1569882119.438999, 1569882119.439328, 1569882119.439504, 1569882119.4396648, 1569882119.4397771, 1569882119.439921, 1569882119.4400299, 1569882119.440526, 1569882119.440702, 1569882119.4409091, 1569882119.441119, 1569882119.44175, 1569882119.442636, 1569882119.443606, 1569882119.444397, 1569882119.444842, 1569882119.446107, 1569882119.4464881, 1569882119.448121, 1569882119.4492228, 1569882119.450551, 1569882119.452916, 1569882119.453346, 1569882119.453839, 1569882119.455164, 1569882119.455436, 1569882119.455893, 1569882119.456034, 1569882119.456373, 1569882119.456673, 1569882119.4574761, 1569882119.457628, 1569882119.457827, 1569882119.458585, 1569882119.458828, 1569882119.4590259, 1569882119.459317, 1569882119.459469, 1569882119.459693, 1569882119.459829, 1569882119.4603179, 1569882119.46086, 1569882119.460938, 1569882119.461503, 1569882119.461628, 1569882119.4617128, 1569882119.461801], "episode_lengths": [44, 1, 1, 1, 42, 5, 4, 33, 2, 6, 2, 1, 3, 6, 2, 5, 5, 30, 5, 18, 46, 1, 3, 1, 34, 35, 1, 10, 1, 3, 3, 12, 1, 6, 1, 7, 37, 1, 5, 1, 7, 5, 4, 1, 3, 1, 2, 11, 9, 5, 3, 6, 16, 21, 9, 1, 2, 1, 2, 1, 26, 3, 3, 3, 10, 8, 13, 14, 3, 27, 4, 41, 23, 26, 51, 1, 1, 10, 3, 22, 1, 1, 7, 31, 1, 3, 50, 4, 2, 7, 1, 3, 1, 13, 30, 1, 18, 2, 1, 1], "episode_rewards": [-1.043, -1.0, -1.0, -1.0, 0.959, -1.004, -1.003, -1.032, -1.001, -1.005, -1.001, -1.0, -1.002, -1.005, -1.001, -1.004, -1.004, 0.971, -1.004, 0.983, 0.955, -1.0, -1.002, -1.0, 0.967, -1.034, -1.0, -1.009, -1.0, -1.002, -1.002, 0.989, -1.0, -1.005, -1.0, -1.006, 0.964, -1.0, -1.004, -1.0, -1.006, -1.004, -1.003, -1.0, -1.002, -1.0, -1.001, -1.01, -1.008, -1.004, -1.002, -1.005, 0.985, 0.98, -1.008, -1.0, -1.001, -1.0, -1.001, -1.0, -1.025, -1.002, -1.002, -1.002, -1.009, -1.007, -1.012, 0.987, -1.002, 0.974, -1.003, -1.04, -1.022, 0.975, -1.05, -1.0, -1.0, -1.009, -1.002, 0.979, -1.0, -1.0, -1.006, 0.97, -1.0, -1.002, -1.049, -1.003, -1.001, -1.006, -1.0, -1.002, -1.0, -1.012, -1.029, -1.0, -1.017, -1.001, -1.0, -1.0], "episode_types": ["t", "t", "t", "t", "t", "t", "t", "t", "t", "t", "t", "t", "t", "t", "t", "t", "t", "t", "t", "t", "t", "t", "t", "t", "t", "t", "t", "t", "t", "t", "t", "t", "t", "t", "t", "t", "t", "t", "t", "t", "t", "t", "t", "t", "t", "t", "t", "t", "t", "t", "t", "t", "t", "t", "t", "t", "t", "t", "t", "t", "t", "t", "t", "t", "t", "t", "t", "t", "t", "t", "t", "t", "t", "t", "t", "t", "t", "t", "t", "t", "t", "t", "t", "t", "t", "t", "t", "t", "t", "t", "t", "t", "t", "t", "t", "t", "t", "t", "t", "t"]}